--
-- PostgreSQL database dump
--

-- Dumped from database version 12.22 (Ubuntu 12.22-0ubuntu0.20.04.4)
-- Dumped by pg_dump version 12.22 (Ubuntu 12.22-0ubuntu0.20.04.4)

SET statement_timeout = 0;
SET lock_timeout = 0;
SET idle_in_transaction_session_timeout = 0;
SET client_encoding = 'UTF8';
SET standard_conforming_strings = on;
SELECT pg_catalog.set_config('search_path', '', false);
SET check_function_bodies = false;
SET xmloption = content;
SET client_min_messages = warning;
SET row_security = off;

ALTER TABLE ONLY public.rentals DROP CONSTRAINT rentals_customer_id_fkey;
ALTER TABLE ONLY public.rentals DROP CONSTRAINT rentals_bike_id_fkey;
ALTER TABLE ONLY public.rentals DROP CONSTRAINT rentals_pkey;
ALTER TABLE ONLY public.customers DROP CONSTRAINT customers_pkey;
ALTER TABLE ONLY public.customers DROP CONSTRAINT customers_phone_key;
ALTER TABLE ONLY public.bikes DROP CONSTRAINT bikes_pkey;
ALTER TABLE public.rentals ALTER COLUMN rental_id DROP DEFAULT;
ALTER TABLE public.customers ALTER COLUMN customer_id DROP DEFAULT;
ALTER TABLE public.bikes ALTER COLUMN bike_id DROP DEFAULT;
DROP SEQUENCE public.rentals_rental_id_seq;
DROP TABLE public.rentals;
DROP SEQUENCE public.customers_customer_id_seq;
DROP TABLE public.customers;
DROP SEQUENCE public.bikes_bike_id_seq;
DROP TABLE public.bikes;
SET default_tablespace = '';

SET default_table_access_method = heap;

--
-- Name: bikes; Type: TABLE; Schema: public; Owner: freecodecamp
--

CREATE TABLE public.bikes (
    bike_id integer NOT NULL,
    type character varying(50) NOT NULL,
    size integer NOT NULL,
    available boolean DEFAULT true NOT NULL
);


ALTER TABLE public.bikes OWNER TO freecodecamp;

--
-- Name: bikes_bike_id_seq; Type: SEQUENCE; Schema: public; Owner: freecodecamp
--

CREATE SEQUENCE public.bikes_bike_id_seq
    AS integer
    START WITH 1
    INCREMENT BY 1
    NO MINVALUE
    NO MAXVALUE
    CACHE 1;


ALTER TABLE public.bikes_bike_id_seq OWNER TO freecodecamp;

--
-- Name: bikes_bike_id_seq; Type: SEQUENCE OWNED BY; Schema: public; Owner: freecodecamp
--

ALTER SEQUENCE public.bikes_bike_id_seq OWNED BY public.bikes.bike_id;


--
-- Name: customers; Type: TABLE; Schema: public; Owner: freecodecamp
--

CREATE TABLE public.customers (
    customer_id integer NOT NULL,
    phone character varying(15) NOT NULL,
    name character varying(40) NOT NULL
);


ALTER TABLE public.customers OWNER TO freecodecamp;

--
-- Name: customers_customer_id_seq; Type: SEQUENCE; Schema: public; Owner: freecodecamp
--

CREATE SEQUENCE public.customers_customer_id_seq
    AS integer
    START WITH 1
    INCREMENT BY 1
    NO MINVALUE
    NO MAXVALUE
    CACHE 1;


ALTER TABLE public.customers_customer_id_seq OWNER TO freecodecamp;

--
-- Name: customers_customer_id_seq; Type: SEQUENCE OWNED BY; Schema: public; Owner: freecodecamp
--

ALTER SEQUENCE public.customers_customer_id_seq OWNED BY public.customers.customer_id;


--
-- Name: rentals; Type: TABLE; Schema: public; Owner: freecodecamp
--

CREATE TABLE public.rentals (
    rental_id integer NOT NULL,
    customer_id integer NOT NULL,
    bike_id integer NOT NULL,
    date_rented date DEFAULT now() NOT NULL,
    date_returned date
);


ALTER TABLE public.rentals OWNER TO freecodecamp;

--
-- Name: rentals_rental_id_seq; Type: SEQUENCE; Schema: public; Owner: freecodecamp
--

CREATE SEQUENCE public.rentals_rental_id_seq
    AS integer
    START WITH 1
    INCREMENT BY 1
    NO MINVALUE
    NO MAXVALUE
    CACHE 1;


ALTER TABLE public.rentals_rental_id_seq OWNER TO freecodecamp;

--
-- Name: rentals_rental_id_seq; Type: SEQUENCE OWNED BY; Schema: public; Owner: freecodecamp
--

ALTER SEQUENCE public.rentals_rental_id_seq OWNED BY public.rentals.rental_id;


--
-- Name: bikes bike_id; Type: DEFAULT; Schema: public; Owner: freecodecamp
--

ALTER TABLE ONLY public.bikes ALTER COLUMN bike_id SET DEFAULT nextval('public.bikes_bike_id_seq'::regclass);


--
-- Name: customers customer_id; Type: DEFAULT; Schema: public; Owner: freecodecamp
--

ALTER TABLE ONLY public.customers ALTER COLUMN customer_id SET DEFAULT nextval('public.customers_customer_id_seq'::regclass);


--
-- Name: rentals rental_id; Type: DEFAULT; Schema: public; Owner: freecodecamp
--

ALTER TABLE ONLY public.rentals ALTER COLUMN rental_id SET DEFAULT nextval('public.rentals_rental_id_seq'::regclass);


--
-- Data for Name: bikes; Type: TABLE DATA; Schema: public; Owner: freecodecamp
--

COPY public.bikes (bike_id, type, size, available) FROM stdin;
9	BMX	21	t
2	Mountain	28	t
3	Mountain	29	t
4	Road	27	t
5	Road	28	t
6	Road	29	t
7	BMX	19	t
8	BMX	20	t
1	Mountain	27	t
\.


--
-- Data for Name: customers; Type: TABLE DATA; Schema: public; Owner: freecodecamp
--

COPY public.customers (customer_id, phone, name) FROM stdin;
2	555-5555	Me
3	000-0000	Test
\.


--
-- Data for Name: rentals; Type: TABLE DATA; Schema: public; Owner: freecodecamp
--

COPY public.rentals (rental_id, customer_id, bike_id, date_rented, date_returned) FROM stdin;
1	2	2	2026-06-16	2026-06-16
2	2	3	2026-06-16	2026-06-16
3	2	4	2026-06-16	2026-06-16
4	2	5	2026-06-16	2026-06-16
5	2	6	2026-06-16	2026-06-16
6	3	7	2026-06-16	2026-06-16
7	3	8	2026-06-16	2026-06-16
\.


--
-- Name: bikes_bike_id_seq; Type: SEQUENCE SET; Schema: public; Owner: freecodecamp
--

SELECT pg_catalog.setval('public.bikes_bike_id_seq', 9, true);


--
-- Name: customers_customer_id_seq; Type: SEQUENCE SET; Schema: public; Owner: freecodecamp
--

SELECT pg_catalog.setval('public.customers_customer_id_seq', 3, true);


--
-- Name: rentals_rental_id_seq; Type: SEQUENCE SET; Schema: public; Owner: freecodecamp
--

SELECT pg_catalog.setval('public.rentals_rental_id_seq', 7, true);


--
-- Name: bikes bikes_pkey; Type: CONSTRAINT; Schema: public; Owner: freecodecamp
--

ALTER TABLE ONLY public.bikes
    ADD CONSTRAINT bikes_pkey PRIMARY KEY (bike_id);


--
-- Name: customers customers_phone_key; Type: CONSTRAINT; Schema: public; Owner: freecodecamp
--

ALTER TABLE ONLY public.customers
    ADD CONSTRAINT customers_phone_key UNIQUE (phone);


--
-- Name: customers customers_pkey; Type: CONSTRAINT; Schema: public; Owner: freecodecamp
--

ALTER TABLE ONLY public.customers
    ADD CONSTRAINT customers_pkey PRIMARY KEY (customer_id);


--
-- Name: rentals rentals_pkey; Type: CONSTRAINT; Schema: public; Owner: freecodecamp
--

ALTER TABLE ONLY public.rentals
    ADD CONSTRAINT rentals_pkey PRIMARY KEY (rental_id);


--
-- Name: rentals rentals_bike_id_fkey; Type: FK CONSTRAINT; Schema: public; Owner: freecodecamp
--

ALTER TABLE ONLY public.rentals
    ADD CONSTRAINT rentals_bike_id_fkey FOREIGN KEY (bike_id) REFERENCES public.bikes(bike_id);


--
-- Name: rentals rentals_customer_id_fkey; Type: FK CONSTRAINT; Schema: public; Owner: freecodecamp
--

ALTER TABLE ONLY public.rentals
    ADD CONSTRAINT rentals_customer_id_fkey FOREIGN KEY (customer_id) REFERENCES public.customers(customer_id);


--
-- PostgreSQL database dump complete
--

